WORDPRESS BLOG HELP,https://atlanta.craigslist.org/atl/cpg/d/wordpress-blog-help/6670401295.html,2018-08-14 12:55:05.100905
Skilled trim Carpenter and carpenters helper,https://atlanta.craigslist.org/nat/lbg/d/skilled-trim-carpenter-and/6670023504.html,2018-08-14 12:55:05.103903
Web Developer Needed to Create Bitcoin Buying Site,https://sacramento.craigslist.org/cpg/d/web-developer-needed-to/6670135209.html,2018-08-14 12:55:26.934557
Residential Solar Installation Foreman,https://losangeles.craigslist.org/sfv/lbg/d/residential-solar/6670552862.html,2018-08-14 12:55:31.713809
Videographer  Needed /(Intern),https://losangeles.craigslist.org/wst/crg/d/videographer-needed-intern/6670424568.html,2018-08-14 12:55:31.716807
Social Media Strategist Web Savvy,https://losangeles.craigslist.org/wst/crg/d/social-media-strategist-web/6670357574.html,2018-08-14 12:55:31.717805
Film Interns and Trainees,https://losangeles.craigslist.org/sfv/cwg/d/film-interns-and-trainees/6670300549.html,2018-08-14 12:55:31.718805
Finish my mobile app ios and android,https://sfbay.craigslist.org/eby/cpg/d/finish-my-mobile-app-ios-and/6670075172.html,2018-08-14 12:55:34.982348
$25-50/hour for Stanford Research Study Participation,https://sfbay.craigslist.org/pen/lbg/d/25-50-hour-for-stanford/6670009903.html,2018-08-14 12:55:34.986333
WordPress plugin developer,https://rockies.craigslist.org/cpg/d/wordpress-plugin-developer/6670109550.html,2018-08-14 12:55:51.977293
Looking to hire Wordpress Designer/Developer,https://newyork.craigslist.org/mnh/cpg/d/looking-to-hire-wordpress/6669988129.html,2018-08-14 12:56:00.073711
30-40 YO FEMALE NEEDED FOR LUXURY EYEWEAR BRAND SHORT VIDEO Sept 4-9th,https://newyork.craigslist.org/mnh/tlg/d/30-40-yo-female-needed-for/6670731249.html,2018-08-14 12:56:00.077708
Personal CHEEZ-IT Butler,https://philadelphia.craigslist.org/lbg/d/personal-cheez-it-butler/6670142642.html,2018-08-14 12:56:01.714304
Looking for a WIX DESIGNER for possible continuous jobs | $50 per job,https://washingtondc.craigslist.org/nva/crg/d/looking-for-wix-designer-for/6670511226.html,2018-08-14 12:56:02.585609
Personal Finance Blogger Wanted,https://indianapolis.craigslist.org/crg/d/personal-finance-blogger/6670321239.html,2018-08-14 12:56:44.215228
Need Help w Some Web Page Design,https://cnj.craigslist.org/cpg/d/need-help-some-web-page-design/6670767256.html,2018-08-14 12:58:24.249978
Need STRONG web developer to tutor me a few hours a week,https://cnj.craigslist.org/cpg/d/need-strong-web-developer-to/6670651529.html,2018-08-14 12:58:24.255962
Writer/blogger needed for comic book news site.,https://toronto.craigslist.ca/tor/wrg/d/writer-blogger-needed-for/6670026808.html,2018-08-14 12:58:34.078827
Coupon Blogger Wanted,https://columbus.craigslist.org/wrg/d/coupon-blogger-wanted/6670328585.html,2018-08-14 12:59:04.902475
Freelance Wordpress Coder,https://portland.craigslist.org/clc/cpg/d/freelance-wordpress-coder/6670124809.html,2018-08-14 12:59:20.402780
LAMP Stack/Wordpress,https://seattle.craigslist.org/tac/cpg/d/lamp-stack-wordpress/6669967245.html,2018-08-14 12:59:26.644921
Web Site Designer,https://seattle.craigslist.org/see/crg/d/web-site-designer/6670047134.html,2018-08-14 12:59:26.645919
All around ranch worker,https://sanmarcos.craigslist.org/lbg/d/all-around-ranch-worker/6670562886.html,2018-08-14 13:00:01.519607
