WORDPRESS BLOG HELP,https://atlanta.craigslist.org/atl/cpg/d/wordpress-blog-help/6670401295.html,2018-08-14 13:41:12.249451
Skilled trim Carpenter and carpenters helper,https://atlanta.craigslist.org/nat/lbg/d/skilled-trim-carpenter-and/6670023504.html,2018-08-14 13:41:12.249684
Web Developer Needed to Create Bitcoin Buying Site,https://sacramento.craigslist.org/cpg/d/web-developer-needed-to/6670135209.html,2018-08-14 13:41:31.419606
Residential Solar Installation Foreman,https://losangeles.craigslist.org/sfv/lbg/d/residential-solar/6670552862.html,2018-08-14 13:41:35.015561
Videographer  Needed /(Intern),https://losangeles.craigslist.org/wst/crg/d/videographer-needed-intern/6670424568.html,2018-08-14 13:41:35.015809
Social Media Strategist Web Savvy,https://losangeles.craigslist.org/wst/crg/d/social-media-strategist-web/6670357574.html,2018-08-14 13:41:35.015975
Finish my mobile app ios and android,https://sfbay.craigslist.org/eby/cpg/d/finish-my-mobile-app-ios-and/6670075172.html,2018-08-14 13:41:36.934793
$25-50/hour for Stanford Research Study Participation,https://sfbay.craigslist.org/pen/lbg/d/25-50-hour-for-stanford/6670009903.html,2018-08-14 13:41:36.935028
Film Interns and Trainees,https://losangeles.craigslist.org/sfv/cwg/d/film-interns-and-trainees/6670300549.html,2018-08-14 13:41:41.613876
WordPress plugin developer,https://rockies.craigslist.org/cpg/d/wordpress-plugin-developer/6670109550.html,2018-08-14 13:41:47.493468
Looking to hire Wordpress Designer/Developer,https://newyork.craigslist.org/mnh/cpg/d/looking-to-hire-wordpress/6669988129.html,2018-08-14 13:41:52.167874
Personal CHEEZ-IT Butler,https://philadelphia.craigslist.org/lbg/d/personal-cheez-it-butler/6670142642.html,2018-08-14 13:41:54.951783
Looking for a WIX DESIGNER for possible continuous jobs | $50 per job,https://washingtondc.craigslist.org/nva/crg/d/looking-for-wix-designer-for/6670511226.html,2018-08-14 13:41:55.491014
Personal Finance Blogger Wanted,https://indianapolis.craigslist.org/crg/d/personal-finance-blogger/6670321239.html,2018-08-14 13:42:28.197945
Writer/blogger needed for comic book news site.,https://toronto.craigslist.ca/tor/wrg/d/writer-blogger-needed-for/6670026808.html,2018-08-14 13:43:41.062520
Coupon Blogger Wanted,https://columbus.craigslist.org/wrg/d/coupon-blogger-wanted/6670328585.html,2018-08-14 13:44:02.858101
Freelance Wordpress Coder,https://portland.craigslist.org/clc/cpg/d/freelance-wordpress-coder/6670124809.html,2018-08-14 13:44:10.951597
LAMP Stack/Wordpress,https://seattle.craigslist.org/tac/cpg/d/lamp-stack-wordpress/6669967245.html,2018-08-14 13:44:13.910136
Web Site Designer,https://seattle.craigslist.org/see/crg/d/web-site-designer/6670047134.html,2018-08-14 13:44:13.910409
All around ranch worker,https://sanmarcos.craigslist.org/lbg/d/all-around-ranch-worker/6670562886.html,2018-08-14 13:44:31.108434
